<?xml version="1.0" encoding="UTF-8"?>
<ruleset name="OpsGuardian Apex Ruleset"
         xmlns="http://pmd.sourceforge.net/ruleset/2.0.0"
         xmlns:xsi="http://www.w3.org/2001/XMLSchema-instance"
         xsi:schemaLocation="http://pmd.sourceforge.net/ruleset/2.0.0 https://pmd.sourceforge.net/ruleset_2_0_0.xsd">
  <description>Baseline Apex best practices for OpsGuardian</description>
  <rule ref="category/apex/performance.xml/AvoidSoqlInLoops"/>
  <rule ref="category/apex/performance.xml/AvoidDmlInLoops"/>
  <rule ref="category/apex/performance.xml/UseLimitsInCustomIterations"/>
  <rule ref="category/apex/performance.xml/AvoidDeeplyNestedIfStmts"/>
  <rule ref="category/apex/errorprone.xml/ApexAssertionsShouldIncludeMessage"/>
  <rule ref="category/apex/errorprone.xml/AvoidDirectAccessTriggerMap"/>
  <rule ref="category/apex/errorprone.xml/EmptyCatchBlock"/>
  <rule ref="category/apex/errorprone.xml/EmptyIfStmt"/>
  <rule ref="category/apex/security.xml/ApexCRUDViolation"/>
  <rule ref="category/apex/security.xml/ApexInsecureEndpoint"/>
  <rule ref="category/apex/security.xml/ApexSharingViolations"/>
  <rule ref="category/apex/security.xml/ApexXSSFromURLParam"/>
  <rule ref="category/apex/bestpractices.xml/AvoidGlobalModifier"/>
  <rule ref="category/apex/bestpractices.xml/OneDeclarationPerLine"/>
  <rule ref="category/apex/bestpractices.xml/AvoidLogicInTrigger"/>
  <rule ref="category/apex/design.xml/CyclomaticComplexity">
    <properties>
      <property name="methodReportLevel" value="15"/>
      <property name="showClassesComplexity" value="true"/>
      <property name="showMethodsComplexity" value="true"/>
    </properties>
  </rule>
</ruleset>
