<?xml version="1.0" encoding="UTF-8"?>
<NamedCredential xmlns="http://soap.sforce.com/2006/04/metadata">
    <allowMergeFieldsInBody>false</allowMergeFieldsInBody>
    <allowMergeFieldsInHeader>false</allowMergeFieldsInHeader>
    <calloutOptions/>
    <certificate>""</certificate>
    <endpoint>https://hooks.slack.com/services/REPLACE/THIS/WITH_WEBHOOK</endpoint>
    <generateAuthorizationHeader>false</generateAuthorizationHeader>
    <label>Slack_Webhook</label>
    <principalType>Anonymous</principalType>
    <protocol>HTTPS</protocol>
</NamedCredential>
